Winnica Eden [zł],Przeznaczenie,Kraj pochodzenia,Kolor owoców,Nazwa,Rodzice,Zawartość kwasów [g/l],Zawartość cukrów [*Bx],Pora dojrzewania,Liczba dni dojrzewania [d],SAT[*C],Mrozoodporność[*C],Odporność na choroby,Odporność na mączniaka rzekomego,Odporność na mączniaka prawdziwego,Odporność na szarą pleśń,Odporność na filokserę,Plenność,Wielkość gron [g],Jagody[g],Wzrost,Drewnienie,Zapylanie,Smak,Miąższ,
20,deserowa,Rosja:Nowoczerkassk,ciemny/czerwony/fioletowy,217-40-3-1/Zodiak,Thor Heyerdahl x Aelita,8,22,wczesna,125,2450,-24,wysoka,8,7,8,,wysoka,300,6,średni,bardzo dobre,własnopylna,muscat,mięsisty,chrupiący
20,deserowa,,jasny/żółty,7/V,,,,wczesna,,,-24,wysoka,,,,,wysoka,300,,,,,,,
20,deserowa,Rosja:Nowoczierkassk,żółty/zielony/jasny/biały/różowy,Ajwiengo/IV–11–4-2,Timur x Wostorg,7,18,średnio wczesna,130,2550,-24,podwyższona,7,6,7,,niska,800,9,silny,dobre,własnopylna,zharmonizowany,ścisły,chrupiący
17,deserowa,Rosja:Nowoczerkassk,żółty/zielony/zielony/żółty,Alieksa/Aleksa/VI-3-3-8,Biruinca x Wostorg,6,19,wczesna/średnio wczesna,125,2550,-25,podwyższona,7,6,8,,powyżej średniej,700,10,bardzo silny,dobre,własnopylna,zharmonizowany,ścisły,chrupiący
17,deserowa,Rosja:Nowoczerkassk,jasny/żółty/jasny/żółty/różowy,Aładin/Aładdin/Alladin/II-13-4-1,Wostorg Krasnyj x Wostorg Muskatnyj,7,22,bardzo wczesna/wczesna,120,,-25,wysoka,7,7,8,,wysoka,600,8,średni,bardzo dobre,własnoyplna,muscat,ścisły,
20,deserowa,Rosja,żółty/zielony/jasny/zielony/żółty,Ałtaj,Wostorg x Frumoasa Albe,8,23,wczesna/średnio wczesna,130,2700,-25,podwyższona,7,6,7,,wysoka,800,12,bardzo silny,dobre,obcopylna,muscat,,
40,deserowa,Rosja:E. G. Pawłowskij,ciemny/czerwony/czarny/śliwkowy,Bajkonur,Talisman x Krasotka,7,19,wczesna,115,2450,-20,bardzo wysoka/podwyższona,7,7,7,,wysoka,400,7.5,silny,dobre,własnopylna,zharmonizowany,ścisły,chrupiący
20,deserowa/beznasienna,,jasny/zielony,Biały Beznasienny – bezpestkowa,,,,wczesna,,,-25,podwyższona,,,,,,500,,,,,,,
20,deserowa,Ukraina:Zaporoże (Winogradnaja Elita),jasny/zielony/jasny/biały,Biełyj Kokł/FVK-4-2,Kesza-1(Talisman) x Kubań,6,18,wczesna/średnio wczesna,125,2450,-24,wysoka/podwyższona ,8,5,8,,wysoka,400,12,średni,dobre,własnopylna,zharmonizowany,ścisły,chrupiący
20,deserowa,,żółty/zielony/jasny/zielony/żółty,Bliuz/Blius/3-17–14,,7,18,wczesna,120,2400,-26,podwyższona,7,6,8,,średnio wysoka/powyżej średniej/wysoka,900,7,silny,dobre,,zharmonizowany,,
60,deserowa,Rosja:W. U. Kapelusznyj,jasny/żółty/żółty/bursztynowy,Bożyj Dar/Bożij Dar/II-12-8-8,Podarok Zaporożiu x s.p.,7,21,wczesna/bardzo wczesna,100,,-24,podwyższona,7,7,7,,wysoka,900,14,bardzo silny,dobre,własnopylny,zharmonizowany,ścisły,chrupiący
17,deserowa,USA,ciemny/granatowy,Buffalo,Herbert x Watkins,8,21,wczesna/średnio wczesna,,,-26,wysoka,,,,,średnia/powyżej średniej,150,5,silny,bardzo dobre,,labrusca,średnio ścisły,
14,przerobowa,Niemcy,granatowy/ciemny ,Cabernet Cantor/Freiburg 523-89R/Kantor,Seibel 70-53 x Solaris,8,21,średnio wczesna,,2650,-24,wysoka,,,,,wysoka,150,2,silny,,,,,
20,deserowa,Rosja:Nowoczierkassk,jasny/żółty/jasny/biały/żółty/różowy,Cerkiewne Dzwony/FV-2-10,Erumoasa Albe x Wostorg,7,22,bardzo wczesna,115,2150,-25,podwyższona,7,6,7,,wysoka,500,6,średnio silny,bardzo dobre,,muscat,,
20,deserowa,Ukraina/Rosja,granatowy/czarny,Charlie/Czarli,Wiktoria x Nadieżda AZOS,8,22,średnio wczesna,120,,-24,podwyższona,,,,,wysoka,600,,silny,dobre,własnopylna,zharmonizowany,jędrny,
20,deserowa,Ukraina (Bogdan Pawlij),Żółto-Zielony/Jasny biało-żółte,Chrustik/ Hrustik,,6,17,wczesna/bardzo wczesna,,,-26,Wysoka,,,,,Wysoka,400,7,Silny,,,,,
40,deserowa,,Granatowy,Ciernyj Woron,,,,,,,-23,Podwyższona,,,,,,700,,,,,,,
20,deserowa,,Żółto-Zielony,Darinka,,,,Wczesna,,,,Bardzo Wysoka,,,,,,,,,,,,,
20,deserowa,,Różowy,Daszenka,,,,Wczesna,,,-24,Wysoka,,,,,Wysoka,600,,,,,,,
17,deserowa,Ukraina Wiszniewieckij,Ciemnoczerwony/Żółto - czerwony,Daszunia,(Talisman x Rizamat) x Kiszmisz Łuczistyj,6,20,Wczesna,120,2500,-23,Podwyższona,,,,,Wysoka,600,12,Silny,,,muscat,,
17,deserowa,Rosja,Jasnożółty/Jasny biały,Dołgożdanyj/Dołgożdannyj,Talisman x Kiszmisz Łuczistyj,7,21,Bardzo Wczesna,110,,-23,Podwyższona,,,,,Wysoka,700,10,Silny,,,,,
17,deserowa,,Granatowy,Donaria,,,,Wczesna,,,-24,Wysoka,,,,,Średnio Wysoka,500,,,,,,,
20,deserowa,USA Geneva,Ciemnoczerwony/Ciemny czerwony,Einset Seedless – bezpestkowa/NY 63.878.1,Fredonia x Canner,7.2,19.9,Wczesna/Średnio wczesna,75,,-27,Bardzo Wysoka,,,,,Wysoka,150,2,Srednio silny,,,truskawka,,
17,deserowa,Nowoczerkassk Rosja,Żółto-Zielony/Jasny mleczno biały z ciemniejszym rumieńcem,Eliegant/Elegant/FV-2-6,Fumoasa Albe x Wostorg,9,22,Wczesna/Bardzo wczesna,115,,-25,Wysoka,Wysoka,Wysoka,Wysoka,,Średnio Wysoka/Wysoka,300,6,Średni,,,muscat,,
20,deserowa,Rosja W. U. Kapelusznyj,Różowy,Ewa,Wostorg Krasnyj x Dienał,6,22,Bardzo Wczesna,105,,-24,Wysoka,7,7,7,,Wysoka,800,8,Silny,,,,,
17,deserowa,Kanada,Ciemny Granatowy,Festive/Festivee/V-53.033,Alden x Verdelet (Seibel 9110),7,18,Średnio Wczesna/Średnia,,2800,-24,Wysoka,,,,,Wysoka,350,5,Średni,,,,,
12,przerobowa,Francja,Granatowy/Ciemny czarny,Foch Marsheal/Marechal Foch/Kuchlmann 188 – 2,MgT 101 - 14 x Goldriesling,10,22,Średnia/Średnio wczesna,90,,-28,Wysoka,,,,Odporna,Średnia,110,1,Bardzo silny,,,,,
15,deserowa,USA,Czerwono-Fioletowy,Fredonia,,,,Średnio Wczesna,,,-30,Wysoka,,,,,Średnia,100,,,,,,,
20,deserowa,Rosja Nowoczerkassk,Jasnożółty/Jasny żółto-bursztynowe,Gałachad,(Talisman x Wostorg) x Wostorg Muskatnyj,7,21,Bardzo Wczesna/Ultra wczesna,100,2000,-23,Podwyższona,7,7,6,,Wysoka,600,10,Średnio silny,,,,,
17,deserowa,Rosja Nowoczerkassk,Jasnożółty/Jasny biało-żółte,Gałbiena Nou/Gałbena Nou/Żiełtyj Nowyj,Frumoasa Albe x Korinka Ruskaja,6,23,Bardzo Wczesna,115,2300,-25,Podwyższona,7,7,7,,Wysoka,400,6,Bardzo silny,,,muscat,,
20,deserowa,Ukraina,Fioletowy,Garmonija/Garmonija 11-1,,,,Wczesna,110,,-24,Wysoka,,,,,,400,,,,,,,
25,deserowa,Ukraina Budrak A. W.,Ciemno-Czarny,Gierkog/Giercog,Talisman x Hadżi Murat,7,19,Wczesna,130,2600,-23,Wysoka/Podwyższona,,,,,Wysoka,600,12,Silny,,,,,
20,deserowa,Nowoczerkassk Rosja,Fioletowy/Ciemny granatowo - czerwone,Głasza,SV 20.374 x Wostorg,7,19,Wczesna,125,,-25,Wysoka,,,,,Wysoka,600,6,Silny,,,,,
20,deserowa,Rosja A. W. Andronow,Ciemnoczerwony/Ciemny jaskrawoczerwony,Hariton/Talisman Krasnyj,(Talisman x Pamiati Hiegrulia) x SP - 8,7,20,Wczesna,120,2300,-23,Podwyższona,8,6,7,,Wysoka,700,14,Średnio silny,,,muscat,,
14,przerobowa,Niemcy,Jasnożółty/Jasny białozielone,Hibernal/MG-322-58,Seibel 7053 x Riesling kl-239 F2,10,22,Średnia/Średnio poźna,,,-25,Wysoka/Podwyższona,,,,,,120,,Silny,,,korzenny,,
20,deserowa,USA,Jasnozielony/Jasny zielonożółty,Himrod – bezpestkowa/ Himrod 4 X,Ontario x Thompson Seedless,7,24.8,Wczesna,135,2400,-24,Wysoka,7,7,7,,Wysoka,200,5,Bardzo silny,,,,,
17,deserowa,Rosja W. U. Kapelusznyj,Jasnożółty/Jasny bursztynowo-białe,Inga/II - 8 – 30,Talisman x Zagatka,7,24,Bardzo Wczesna,105,,-25,Wysoka,,,,,Wysoka,700,12,Średnio silny,,,,,
20,deserowa,,Żółto-Zielony,Irinka,,,,Wczesna,,,-22,Wysoka,,,,,,400,,,,,,,
15,deserowa,USA,Granatowy/Ciemny czarny,Isabella,Vitis labrusca x Vitis vinifera,7,18,Średnio Wczesna/Średnio późna,,,-27,Bardzo Wysoka/Wysoka,,,,Odporna,Wysoka,140,4,Średnio silny,,,labrusca,,
20,deserowa,Rosja,Jasny Jasnożółty,Iskra – bezpestkowa,,7,28,Bardzo Wczesna/Wczesna,120,2350,-27,Podwyższona,7,6,8,,Wysoka,500,3,Silny,,,,,
17,deserowa,Polska,Żółto-zielony/Jasny zielono-żółty,Iza Zaliwska/Iza,,7,19,Bardzo Wczesna,120,1950,-24,Bardzo Wysoka/Wysoka,,,,,Wysoka/Średnia,150,,Silny,,,muscat/labrusca,,
14,przerobowa,Niemcy,jasnożółty,Johaniter/Johanniter,,,,Średnio Wczesna,,,-24,Wysoka,,,,,,150,,,,,,,
20,deserowa,Ukraina,Różowy,Jubilej Hersonkiego Dacznika/Jubiliej Hersonskogo Dacznika ZT - 4 – 6,Wostorg Krasnyj ZOS - 1 x Timur,8,22,Bardzo Wczesna,110,2200,-25,Wysoka,7,7,8,,Średnio Wysoka/Średnia,400,5,Średnio silny,,,,,
50,deserowa,Rosja W U Kapelusznyj,Różowy jasnoróżowy,Julian,Kiesza 1 x Rizamat,7,19,Ultra Wczesna,105,2200,-24,Podwyższona,,,,,Bardzo Wysoka/Wysoka,700,12,Silny,,,,,
25,deserowa,,Jasnozielony,Kamila,,,,Wczesna,,,-24,Bardzo Wysoka,,,,,Średnio Wysoka,500,,,,,,,
30,deserowa,Węgry,żółto-zielony/zielono-żółty ,Kiszmisz 342 – bezpestkowa,Villard Blanc x Perlette,7,21,Bardzo Wczesna/Wczesna,115,2500,-24,Podwyższona,7,7,6,,Wysoka,300,4,Średnio silny,,,,,
30,deserowa,Rosja,Różowy,Kiszmisz Auksajskij – bezpestkowa,,,,Bardzo Wczesna,,,-25,Podwyższona,,,,,,500,,,,,,,
30,deserowa,Rosja Krainow,Jasnożółty,Kiszmisz Baliet – beznasienna,Talisman x Kiszmisz Łuczistyj,7,23,Wczesna/Bardzo wczesna,110,2200,-23,Wysoka,6,6,7,,Wysoka,500,5,Silny,,,,,
30,deserowa,Azja Środkowa,Żółto-Zielony/Jasny biało-żółte,Kiszmisz Biełyj Ustojcziwyj – bezpestkowa,,7,29,Wczesna/Średnio późna,,,-15,Wysoka/Niska,,,,,Wysoka,250,,Silny,,,,,
40,deserowa,Rosja/Ukraina Krainow,Różowy,Kiszmisz Nachodka– bezpestkowa,Talisman x Kiszmisz Łuczistyj,7,21,Średnio Wczesna/Wczesna,125,2400,-23,Podwyższona,7,6,7,,Wysoka,500,5,Średnio silny,,,muscat,,
40,,Ukraina,Granatowy,Kiszmisz Skazuka– bezpestkowa,,,,Średnio Wczesna,,,-23,Wysoka,,,,,Wysoka,800,,,,,,,
30,deserowa,Rosja/Ukraina – Zaporoże (Winogradnaja Elita),Fioletowy/Ciemny ciemnoczerwony,Kiszmisz Zaporowski – bezpestkowa/Kiszmisz Zaporoski/Kiszmisz Zaporozkij,Wiktoria x Rusboł,6.5,26,Wczesna,120,2350,-24,bardzo wysoka/podwyższona,7,7,7,,Bardzo Wysoka/Wysoka,600,3,Średni,,,,,
50,deserowa,Ukraina Burdak A. W.,Czerwono-Fioletowy,Kolumb,Kiesza 1 x Straszienskij,7,18,Wczesna,115,2450,-23,Podwyższona,,,,,Wysokna,700,18,Silny,,,,,
15,deserowa,Rosja,Granatowy,Konkord Rosyjski,,,,Średnio Wczesna,,,-27,Wysoka,,,,,Średnia,120,,,,,,,
17,deserowa,Rosja Nowoczerkassk,Jasnozielony,Lancelot/Lanselot IV - 11 - 3 - 6 ,Podarok Zapo. x (Ekstaz x FV - 3 - 1),9,19,Wczesna/Średnio wczesna,130,2700,-24,Wysoka/Podwyższona,,,,,Wysoka,900,12,Silny,,,,,
17,deserowa,Ukraina Wołowik W. I.,Różowy/różowo-malinowy,Laura,Arkadia x Oryginał,7,19,Wczesna,125,2500,-21,Podwyższona,7,7,7,,Wysoka,500,8,Średnio silny,,,,,
14,przerobowa,Francja,Granatowy/Ciemny czarny,Leon Milot/Leon Millot/Kuhlmann 192 – 2,MgT - 14 x Goldriesling,9,22.2,Średnia/Srednio wczesna,,,-26,Wysoka,,,,,Wysoka/Średnia,100,1,Bardzo silny,,,,,
30,deserowa,Ukraina Zagoriulko,Różowy/Jasny żółto-różowe,Lija,Atłant Zaporożskij x Arkadia,7,20,Wczesna/Bardzo wczesna,115,2300,-21,Wysoka/Nieco podwyższona,,,,,Wysoka,600,9,Silny,,,,,
17,deserowa,Węgry,Jasny Żółto-Zielony,Lilla/R-66,SV 12.375 x Olimpia,7,18,Wczesna,127,2450,-21,Wysoka,,,,,,250,5,Średnio silny,,,,,
17,deserowa,W N Krainow,Żółto-Zielony/Jasny ,Ładannyj-2/Ładanyj 2,Talisman x ?,8,17,Wczesna/Bardzo wczesna,110,2300,-24,Wysoka/Podwyższona,7,6,7,,Wysoka,500,8,Silny,,,,,
20,deserowa,Ukraina Budrak A. W.,Granatowy,Łorano,Łora x Riszielie x Kodrianka,7,19,Bardzo Wczesna,115,,-23,Podwyższona,,,,,Wysoka,700,14,Silny,,,,,
17,deserowa,Ukraina (Bałabanow A.F.),Ciemnoczerwony/czerwony,Marmieładnyj/ III - 10 / 10 Marmeladnyj,(Andriusza x Bułgaria k / u),7,19,Bardzo Wczesna,110,2400,-23,Podwyższona,,,,,Wysoka,700,8,silny,,,muscat,,
17,deserowa,Rosja Pawłowski,Żółto-Zielony/Jasny kremowo-żółte z delikatnym czerwonym rumieńcem,Monarch Pawłowskiego/Monarch,Talisman x(Cardinal x s.p.),7,19,Średnio Wczesna/Wczesna,125,2400,-25,Bardzo Wysoka/Podwyższona,7,6,7,,powyżej średniej,500,20,Silny,,,muscat,,
20,deserowa,Ukraina,Żółto-Zielony,Muskat Ługańskij,,,,Wczesna,,,-23,Wysoka,,,,,,800,,,,,,,
20,deserowa,Rosja AZOS Anapa,Granatowy/Ciemny ciemnogranatowy,Nadjeżda Azos/Nadieżda AZOS H-27-13,Mołdowa x Cardinal,8,17,Wczesna/Średnio wczesna,130,,-22,Wysoka/Podwyższona,7,7,7,,Wysoka,500,5,Średnio silny,,,,,
40,deserowa,Rosja - Nowoczerkask,Żółto-Zielony/Jasny żółto-bursztynowe,Nadjożnyj/Nadieżnyj,Talisman x Kiszmisz Łuczistyj,7,20,Wczesna/Bardzo wczesna,120,2300,-22,Wysoka/Podwyższona,,,,,Wysoka,500,12,Silny,,,,,
30,deserowa,Ukraina,Bursztynowy,Natalia Rosfowa,,,,Bardzo Wczesna,,,-23,Wysoka,,,,,,700,,,,,,,
20,deserowa,Ukraina Budrak A. W.,Granatowy,Nazarij/Nazari*,,6,16,Wczesna/Bardzo wczesna,115,,-23,Wysoka/Podwyższona,,,,,Wysoka,600,12,Silny,,,,,
20,deserowa,Węgry Eger,Granatowy/Ciemny fioletowy,Nero/BG-16,SV 12.375 x Gardonyj Geza,6,21,Wczesna/Bardzo wczesna,125,2000,-24,Wysoka/Podwyższona,Podwyższona,Podwyższona,Średnia,,Wysoka,200,3,Średnio silny,,,,,
20,deserowa,Ukraina Budrak A. W.,Bursztynowy/Żółto-różowy,Nikol/Nikol*,Podarok zaporożju x zKiszmisz Łuczistyj,7,19,Ultra Wczesna/Bardzo wczesna,115,2400,-23,Wysoka/Podwyższona,,,,,Wysoka,500,15,Silny,,,,,
25,deserowa,Rosja W N Krainow,Ciemny Czerwono-Fioletowy,Nizina/NiZina,Talisman x Tomajskij,8,18,Średnio Wczesna,135,,-23,Podwyższona,7,6,8,,Wysoka,600,12,Silny,,,,,
40,deserowa,Rosja W. U. Kapelusznyj,Różowy,Odisiej/Odissej,Woskowoj x Kiszmisz Łuczistyj,7,20,Wczesna/Ultra wczesna,100,,-23,Wysoka,,,,,Wysoka,500,6,Średni,,,muscat,,
25,deserowa,E G Pawłowskij,Różowy,Pamięci Chirurga/Pamiati Chirurga,Talisman x Instru,7,18,Średnio Wczesna,125,2500,-24,Wysoka,7,7,7,,Wysoka,500,8,Silny,,,,,
30,,,,Pamięci Vantiela,,,,,,,,,,,,,,,,,,,,,
17,deserowa,Rosja,Żółto-Zielony,Piesnia,,6.7,21.5,Bardzo Wczesna,110,,-25,Wysoka,,,,,Wysoka,500,,,,,,,
17,deserowa,Bułgaria Pleven,Jasnożółty/Jasny żółto-zielony,Plewen 2/Plewien Muskatnyj/Pleven Muskat II – 43/23,Straszienskij x Drużba,8,21,Wczesna,125,2450,-23,Wysoka/Podwyższona,7,5,5,,Wysoka,500,5,Średnio silny,,,muscat,,
25,deserowa,Ukraina - Zaporoże (Winogradnaja Elita),Różowy/Bladoróżowy,Podarok Ukraine/Podarok Ukrainie/Podarok Ukraini ZT - 4 - 4,Wostorg Krasnyj ZOS - 1 x Timur,8,23,Średnio Wczesna/Bardzo wczesna wczesna,120,2500,-24,Wysoka,8,6,7,,Wysoka/Powyżej średniej,500,8,Silny,,,,,
17,deserowa,Ukraina - Zaporoże (Winogradnaja Elita),Jasnozielony/Jasny zielono-białe,Podarok Zaporoża/Podarok Zaporożu/Podarok Zaporożiu,Kiesza 1 x (V- 70 - 90 + R - 65),7,18,Średnio Wczesna,135,2700,-24,Wysoka/Podwyższona,6,6,6,,Wysoka,600,11,Silny,,,,,
30,deserowa,Rosja W N Krainow,Różowy,Prieobrażenie/Prieobrażienie,Talisman x Rizamat,7,19,bardzo wczesna/wczesna,125,2500,-21,Podwyższona/Nieco podwyższona,5,6,6,,Wysoka,700,12,Silny,,,,,
25,deserowa,Canada Vineland,Różowy/Z fioletowym woskowym nalotem,Prima– bezpestkowa,,7,23,Wczesna,,2350,-24,Wysoka,,,,,Wysoka/Powyżej średniej,200,3,Silny,,,,,
17,deserowa,Rosja E. G. Pawłowskij,Jasnozielony/Biało-żółty,Prodiusser/Prodiusier/Siejanicz Prodiusiera,Podarok Zaporożiu x XVII - 10-26,7,19,Wczesna,115,2400,-23,Wysoka,7,7,7,,Wysoka,500,8,Silny,,,,,
17,deserowa,,Jasnożółty/Jasny bursztynowo-żółte,Pulsar/(FVKL - 3 - 2) Iermak,Kiesza I x Kiszmisz Łuczistyj,7,20,Bardzo Wczesna,115,2300,-24,Podwyższona,,,,,Wysoka,600,8,Średnio silny,,,muscat,,
20,deserowa,Ukraina – Zaporoże (Winogradnaja Elita),Żółto-Zielony/Jasny białob-bursztynowe,PZA-8-11,Podarok Zaporożju x Arkadia,8,22,Bardzo Wczesna,115,2400,-24,Podwyższona,8,6,5,,Wysoka,400,6,Silny,,,,,
14,przerobowa,Niemcy,Ciemny Granatowy,Regent,Diana x Chamburcin,8,22,Średnio Wczesna,,,-24,Bardzo Wysoka/Wysoka,7,8,6,,Bardzo Wysoka/Wysoka,150,1.8,Silny,,,,,
17,deserowa,Bułgaria,Żółto-Zielony,Regina/Augustin,,,,Średnio Wczesna,,,-21,Wysoka,,,,,Wysoka,300,,,,,,,
20,deserowa,USA/Canada - Vineland,Różowy/Ciemny różowo-fioletowe,Reliance – bezpestkowa/Arkansas 1136,Ontario X Sufolk Red,7.5,22,Wczesna/Bardzo wczesna,112,2350,-25,Średnia/Wysoka,,,,,Średnio Wysoka/Średnia powyżej średniej,120,2,Średnio silny,,,labrusca,,
14,przerobowa,Niemcy,Ciemny Granatowy,Rondo/G 116-GM 6494-5,Saperavi Severnyi x Saint Laurent,10,22,Średnio Wczesna,,,-23,Podwyższona/Wysoka,,,,,Bardzo Wysoka/Wysoka,150,,Średnio silny,,,,,
20,deserowa,,Fioletowy/Ciemny ciemnogranatowe,Roszfor,,7,19,Wczesna/Bardzo wczesna,120,2350,-23,Wysoka,7,6,5,,Wysoka,500,11,Silny,,,,,
25,deserowa,Ukraina W. W. Zagoriulko,Różowy,Rozmus/ Rozmuz,Sofia x Arkadia,6,20,Bardzo Wczesna,110,2350,-21,Podwyższona,,,,,Wysoka,400,10,Silny,,,muscat,,
20,deserowa,Rosja W. U. Kapelusznyj,Różowy,Rumba,Wostorg Krasnyj x Czarel,7,22,Bardzo Wczesna,100,2200,-24,Podwyższona,7,7,7,,Wysoka,700,8,Silny,,,,,
14,przerobowa,Szwajcaria,Granatowy,Salome,,,,Wczesna,,,-24,Wysoka,,,,,Wysoka,150,,,,,,,
30,deserowa,Ukraina Zagoriulko,Granatowy/Ciemny ciemnogranatowe,Sfinks,Straszienskij x Timur,7,19,Bardzo Wczesna,105,2250,-23,Bardzo Wysoka/Podwyższona,7,6,8,,Wysoka,500,9,Średnio silny,,,,,
30,deserowa,Rosja E. G. Pawłowskij,Ciemny Ciemnoczerwony,Sienia/Sienia *,Talisman x XVII - 10 - 26,7,19,Bardzo Wczesna,110,,-23,Podwyższona,,,,,Wysoka,500,9,Silny,,,muscat,,
12,przerobowa,Niemcy,Jasnożółty/Żółto - zielony,Solaris/Fr. 240-75,Merzling x (siewka Ge 6493 (Zaria Siewiera x Muscst Ottonel),7,24.6,Wczesna,,2600,-23,Bardzo Wysoka,8,7,6,,Bardzo Wysoka/Wysoka,140,1.3,Średnio silny,,,,,
17,deserowa,,Ciemnoczerwony,Staszieńka Leonowa,,,,Wczesna,,,-25,Podwyższona,,,,,Wysoka,400,,,,,,,
20,deserowa,Litwa,Granatowy,Stella – bezpestkowa,,,,Bardzo Wczesna,,,-25,Wysoka,,,,,Średnio Wysoka,150,,,,,,,
40,deserowa,Rosja W. U. Kapelusznyj,Czerwono-Fioletowy,Sudar,,7,20,Ultra Wczesna,100,,-24,Wysoka,7,7,7,,Wysoka,600,14,Średnio silny,,,muscat,,
20,deserowa,Ukraina E.G. Pawłowskij,Żółto-Zielony/Jasny żółto-bursztynowe,Super Extra,Talisman x (Cardinal x s.p.),6,21,Bardzo Wczesna/Ultra wczesna,110,,-24,Średnia/Podwyższona,7,6,7,,Wysoka,500,10,Średnio silny,,,,,
17,deserowa,USA Elmer Swenson,Czerwono-Fioletowy/Ciemnoczerwony,Swenson Red/ES 439,MN 78 x S 11.803,7,20.1,Średnio Wczesna,,,-30,Wysoka,,,,odporna,Wysoka,150,3,Średni,,,labrusca/truskawka,,
20,deserowa,,Jasny Żółto-Zielony,Swietłana,,7,18,Średnia/Średnio wczesna,135,2700,-25,Podwyższona,7,7,6,,Wysoka,500,7,Silny,,,,,
17,deserowa,Rosja Nowoczerkassk,Żółto-Zielony/Jasny zielono-żółte,Talizman/Talisman (FV - 6 – 6) Kiesza 1,Frumoasa Albe x Wostorg,8,23,Średnia/Średnio wczesna,135,2600,-25,Podwyższona,7,6,7,,Wysoka,800,14,Bardzo silny,,,,,
25,deserowa,Rosja,Różowy,Tason,,,,Bardzo Wczesna,,,-22,Średnia,,,,,,500,,,,,,,
19,deserowa,Rosja Nowoczerkawsk,Jasnożółty/Jasny zielono-żółty z ciemniejszym rumieńcem,Timur/FV-2-5,Frumoasa Albe x Wostorg,9,25,Bardzo Wczesna,113,2300,-24,Wysoka,Wysoka,Wysoka,Bardzo wysoka,,Wysoka,400,6,Średnio silny,,,muscat,,
20,deserowa,Ukraina,Żółto-Zielony,TP-25,,,,Średnio Wczesna,,,-22,Podwyższona,,,,,Bardzo Wysoka,500,,,,,,,
60,deserowa,,Fioletowy,Tulipan,,,,Ultra Wczesna,,,-23,Wysoka,,,,,Wysoka,500,,,,,,,
17,deserowa,W. A. Andronow,Jasnożółty/Żółto-bursztynowy,Uliana,(talisman x Pamięci Niegrulia) x S.P - 3,7,20,Średnio Wczesna/Wczesna,125,,-24,Wysoka,7,7,8,,Wysoka,600,9,Średnio silny,,,,,
17,deserowa,Kanada,Różowy,V68-021/V - 68021,(Festivee x Illinois 5-1),7,22,Średnio Wczesna,,,-26,Wysoka,,,,,Wysoka,150,4,Silny,,,,,
20,deserowa,Kanada/USA (Arkansas),Ciemny Granatowy,Venus – bezpestkowa/A – 1196,Alden x NY 460.00 (Bufalo x NY 340.06),7,19,Średnio Wczesna/Wczesna,,2450,-27,Średnia/Wysoka,,,,,Średnio Wysoka/Średnia,120,2,Silny,,,muscat,,
30,deserowa,Ukraina H. P. Wiszniewiecki,Jasnożółty/Żółty,Walek/Waliok,,7,19,Bardzo Wczesna,115,,-24,Wysoka/Podwyższona,,,,,Bardzo Wysoka/Wysoka,800,12,Silny,,,muscat,,
40,deserowa,Ukraina Budrak A. W.,Czerwono-Fioletowy/Fioletowo-czerwone,Watykan,,6,17,Bardzo Wczesna/Wczesna,115,,-23,Wysoka/Podwyższona,,,,,Wysoka,500,15,Silny,,,,,
17,deserowa,Rosja Kapelusznyj,Jasnożółty/Jasny żółto-bursztynowe,Wera/Wiera/R4 P3,Talisman x Jesienny Czarny,6,18,Bardzo Wczesna,115,2300,-23,Podwyższona,7,7,8,,Wysoka,600,10,Silny,,,,,
17,deserowa,,Różowy,Weronika,,,,Bardzo Wczesna,,,-25,Wysoka,,,,,,300,,,,,,,
17,deserowa,Rosja Kapelusznyj,Jasnożółty/Jasny biały z różowym rumieńcem,Wiagra/Orchidea/Viagra/Wiagra – Orchidea,Talisman x Nistru,7,18,Bardzo Wczesna/Wczesna,125,2500,-21,Wysoka,7,8,8,,Wysoka,415,6,Silny,,,,,
17,deserowa,Rosja,Ciemnoczerwony/Ciemny czerwono-malinowy,Wiktoria 5/Wiktoria Klon K – 5,SV - 12.304 x Wostorg,7,20,Średnio Wczesna,115,2350,-26,Podwyższona,7,7,6,,Wysoka,500,6,Średni,,,muscat,,
30,dekoracyjna,Japonia,,Winorośl Japońska,,,,,,,,,,,,,,,,,,,,,
30,deserowa,,Fioletowy,Wioletta,,,,Bardzo Wczesna,,,-23,Podwyższona,,,,,,600,,,,,,,
20,deserowa,Rosja Nowoczerkawsk,Żółto-Zielony,Wostorg Seyve Villarda/Wostorg Idealnyj,,7.5,22,Wczesna,125,,-25,Podwyższona,,,,,Wysoka,700,,,,,,,
20,deserowa,Ukraina,Fioletowy,WW-3/ 54 - 64 – 3,(Wieriesień x Wostorg),,,Wczesna,,,-24,Podwyższona,,,,,Wysoka,600,,,,,,,
17,deserowa,Mołdawia,Jasnożółty,XIX-42-13/Ustoicziwyj Nr 13,,7,17,Bardzo Wczesna,110,2200,-23,Podwyższona,7,7,8,,Bardzo Wysoka/Wysoka,500,8,Silny,,,,,
20,deserowa,Ukraina,Granatowy/Ciemny granatowe z gęstym woskowym nalotem,Zabawa,Łora x Kodrianka,7,19,Bardzo Wczesna,110,2200,-22,Podwyższona,,,,,Wysoka,500,7,Średnio silny,,,,,
30,deserowa,,Żółto-Zielony,Zawrica,,,,Średnio Wczesna,,,-23,Podwyższona,,,,,,600,,,,,,,
20,deserowa,Rosja Pawłowskij E.G.,Czerwono-Fioletowy,Zefir,Talisman x Pridorożnyj,7,19,Wczesna,120,2450,-23,Wysoka/Podwyższona,7,7,8,,Wysoka,400,10,Silny,,,,,
30,deserowa,Rosja W. U. Kapelusznyj,Jasnozielony/Jasny złoto-żółty,ZLATO/Złato,Talisman x Kiszmisz Nowoczierkasskij,8,20,Średnio Wczesna/Bardzo wczesna,105,,-23,Podwyższona/Wysoka,,,,,Bardzo Wysoka/Wysoka,500,10,Silny,,,muscat,,
40,,,Żółto-Zielony,Żdana,,,,,,,-25,Podwyższona,,,,,,500,,,,,,,
